"","date","series_id","value","realtime_start","realtime_end"
"1",1975-07-01,"EA19PRINTO01IXOBSAM",56.6920131221043,2023-11-13,2023-11-13
"2",1975-08-01,"EA19PRINTO01IXOBSAM",57.463397812662,2023-11-13,2023-11-13
"3",1975-09-01,"EA19PRINTO01IXOBSAM",57.3681651348154,2023-11-13,2023-11-13
"4",1975-10-01,"EA19PRINTO01IXOBSAM",58.3300151810665,2023-11-13,2023-11-13
"5",1975-11-01,"EA19PRINTO01IXOBSAM",58.8061785702997,2023-11-13,2023-11-13
"6",1975-12-01,"EA19PRINTO01IXOBSAM",59.1871092816862,2023-11-13,2023-11-13
"7",1976-01-01,"EA19PRINTO01IXOBSAM",59.8632612943974,2023-11-13,2023-11-13
"8",1976-02-01,"EA19PRINTO01IXOBSAM",60.2441920057839,2023-11-13,2023-11-13
"9",1976-03-01,"EA19PRINTO01IXOBSAM",60.5394133071085,2023-11-13,2023-11-13
"10",1976-04-01,"EA19PRINTO01IXOBSAM",61.3012747298816,2023-11-13,2023-11-13
"11",1976-05-01,"EA19PRINTO01IXOBSAM",62.453590131826,2023-11-13,2023-11-13
"12",1976-06-01,"EA19PRINTO01IXOBSAM",62.453590131826,2023-11-13,2023-11-13
"13",1976-07-01,"EA19PRINTO01IXOBSAM",62.167892098286,2023-11-13,2023-11-13
"14",1976-08-01,"EA19PRINTO01IXOBSAM",62.167892098286,2023-11-13,2023-11-13
"15",1976-09-01,"EA19PRINTO01IXOBSAM",63.415440178077,2023-11-13,2023-11-13
"16",1976-10-01,"EA19PRINTO01IXOBSAM",63.6059055337703,2023-11-13,2023-11-13
"17",1976-11-01,"EA19PRINTO01IXOBSAM",63.9963595129415,2023-11-13,2023-11-13
"18",1976-12-01,"EA19PRINTO01IXOBSAM",63.9963595129415,2023-11-13,2023-11-13
"19",1977-01-01,"EA19PRINTO01IXOBSAM",64.9582095591926,2023-11-13,2023-11-13
"20",1977-02-01,"EA19PRINTO01IXOBSAM",64.377290224328,2023-11-13,2023-11-13
"21",1977-03-01,"EA19PRINTO01IXOBSAM",64.0915921907882,2023-11-13,2023-11-13
"22",1977-04-01,"EA19PRINTO01IXOBSAM",64.0915921907882,2023-11-13,2023-11-13
"23",1977-05-01,"EA19PRINTO01IXOBSAM",63.6059055337703,2023-11-13,2023-11-13
"24",1977-06-01,"EA19PRINTO01IXOBSAM",63.3202075002304,2023-11-13,2023-11-13
"25",1977-07-01,"EA19PRINTO01IXOBSAM",62.7488114331505,2023-11-13,2023-11-13
"26",1977-08-01,"EA19PRINTO01IXOBSAM",63.6059055337703,2023-11-13,2023-11-13
"27",1977-09-01,"EA19PRINTO01IXOBSAM",63.7106614794016,2023-11-13,2023-11-13
"28",1977-10-01,"EA19PRINTO01IXOBSAM",63.6059055337703,2023-11-13,2023-11-13
"29",1977-11-01,"EA19PRINTO01IXOBSAM",63.1297421445371,2023-11-13,2023-11-13
"30",1977-12-01,"EA19PRINTO01IXOBSAM",63.9963595129415,2023-11-13,2023-11-13
"31",1978-01-01,"EA19PRINTO01IXOBSAM",64.2820575464814,2023-11-13,2023-11-13
"32",1978-02-01,"EA19PRINTO01IXOBSAM",63.7106614794016,2023-11-13,2023-11-13
"33",1978-03-01,"EA19PRINTO01IXOBSAM",63.2249748223837,2023-11-13,2023-11-13
"34",1978-04-01,"EA19PRINTO01IXOBSAM",65.1486749148858,2023-11-13,2023-11-13
"35",1978-05-01,"EA19PRINTO01IXOBSAM",64.1868248686348,2023-11-13,2023-11-13
"36",1978-06-01,"EA19PRINTO01IXOBSAM",64.0915921907882,2023-11-13,2023-11-13
"37",1978-07-01,"EA19PRINTO01IXOBSAM",64.9582095591926,2023-11-13,2023-11-13
"38",1978-08-01,"EA19PRINTO01IXOBSAM",65.3391402705791,2023-11-13,2023-11-13
"39",1978-09-01,"EA19PRINTO01IXOBSAM",66.2057576389835,2023-11-13,2023-11-13
"40",1978-10-01,"EA19PRINTO01IXOBSAM",66.0152922832902,2023-11-13,2023-11-13
"41",1978-11-01,"EA19PRINTO01IXOBSAM",66.3009903168302,2023-11-13,2023-11-13
"42",1978-12-01,"EA19PRINTO01IXOBSAM",68.3199230871789,2023-11-13,2023-11-13
"43",1979-01-01,"EA19PRINTO01IXOBSAM",65.7200709819657,2023-11-13,2023-11-13
"44",1979-02-01,"EA19PRINTO01IXOBSAM",66.5866883503701,2023-11-13,2023-11-13
"45",1979-03-01,"EA19PRINTO01IXOBSAM",67.2628403630812,2023-11-13,2023-11-13
"46",1979-04-01,"EA19PRINTO01IXOBSAM",67.6437710744678,2023-11-13,2023-11-13
"47",1979-05-01,"EA19PRINTO01IXOBSAM",67.9294691080077,2023-11-13,2023-11-13
"48",1979-06-01,"EA19PRINTO01IXOBSAM",68.7008537985655,2023-11-13,2023-11-13
"49",1979-07-01,"EA19PRINTO01IXOBSAM",68.7008537985655,2023-11-13,2023-11-13
"50",1979-08-01,"EA19PRINTO01IXOBSAM",69.0913077777367,2023-11-13,2023-11-13
"51",1979-09-01,"EA19PRINTO01IXOBSAM",69.1865404555833,2023-11-13,2023-11-13
"52",1979-10-01,"EA19PRINTO01IXOBSAM",68.6056211207188,2023-11-13,2023-11-13
"53",1979-11-01,"EA19PRINTO01IXOBSAM",69.3770058112766,2023-11-13,2023-11-13
"54",1979-12-01,"EA19PRINTO01IXOBSAM",70.1483905018344,2023-11-13,2023-11-13
"55",1980-01-01,"EA19PRINTO01IXOBSAM",68.146850238753,2023-11-13,2023-11-13
"56",1980-02-01,"EA19PRINTO01IXOBSAM",67.5643985273107,2023-11-13,2023-11-13
"57",1980-03-01,"EA19PRINTO01IXOBSAM",67.597212708237,2023-11-13,2023-11-13
"58",1980-04-01,"EA19PRINTO01IXOBSAM",67.4413453488369,2023-11-13,2023-11-13
"59",1980-05-01,"EA19PRINTO01IXOBSAM",66.6702120970682,2023-11-13,2023-11-13
"60",1980-06-01,"EA19PRINTO01IXOBSAM",67.0557787229526,2023-11-13,2023-11-13
"61",1980-07-01,"EA19PRINTO01IXOBSAM",66.4733270115102,2023-11-13,2023-11-13
"62",1980-08-01,"EA19PRINTO01IXOBSAM",67.7530800676371,2023-11-13,2023-11-13
"63",1980-09-01,"EA19PRINTO01IXOBSAM",65.6693795788152,2023-11-13,2023-11-13
"64",1980-10-01,"EA19PRINTO01IXOBSAM",65.7596185763626,2023-11-13,2023-11-13
"65",1980-11-01,"EA19PRINTO01IXOBSAM",66.3502738330365,2023-11-13,2023-11-13
"66",1980-12-01,"EA19PRINTO01IXOBSAM",66.3584773782681,2023-11-13,2023-11-13
"67",1981-01-01,"EA19PRINTO01IXOBSAM",65.2099810458466,2023-11-13,2023-11-13
"68",1981-02-01,"EA19PRINTO01IXOBSAM",66.2764419259523,2023-11-13,2023-11-13
"69",1981-03-01,"EA19PRINTO01IXOBSAM",65.4232732218677,2023-11-13,2023-11-13
"70",1981-04-01,"EA19PRINTO01IXOBSAM",65.4806980384888,2023-11-13,2023-11-13
"71",1981-05-01,"EA19PRINTO01IXOBSAM",66.3666809234997,2023-11-13,2023-11-13
"72",1981-06-01,"EA19PRINTO01IXOBSAM",65.6857866692784,2023-11-13,2023-11-13
"73",1981-07-01,"EA19PRINTO01IXOBSAM",66.1615922927101,2023-11-13,2023-11-13
"74",1981-08-01,"EA19PRINTO01IXOBSAM",65.0295030507518,2023-11-13,2023-11-13
"75",1981-09-01,"EA19PRINTO01IXOBSAM",66.0795568403943,2023-11-13,2023-11-13
"76",1981-10-01,"EA19PRINTO01IXOBSAM",66.3830880139628,2023-11-13,2023-11-13
"77",1981-11-01,"EA19PRINTO01IXOBSAM",65.8252469382153,2023-11-13,2023-11-13
"78",1981-12-01,"EA19PRINTO01IXOBSAM",65.1935739553834,2023-11-13,2023-11-13
"79",1982-01-01,"EA19PRINTO01IXOBSAM",65.7924327572889,2023-11-13,2023-11-13
"80",1982-02-01,"EA19PRINTO01IXOBSAM",65.1115385030676,2023-11-13,2023-11-13
"81",1982-03-01,"EA19PRINTO01IXOBSAM",65.004892415057,2023-11-13,2023-11-13
"82",1982-04-01,"EA19PRINTO01IXOBSAM",65.6611760335836,2023-11-13,2023-11-13
"83",1982-05-01,"EA19PRINTO01IXOBSAM",64.9228569627412,2023-11-13,2023-11-13
"84",1982-06-01,"EA19PRINTO01IXOBSAM",63.7251393589302,2023-11-13,2023-11-13
"85",1982-07-01,"EA19PRINTO01IXOBSAM",64.0942988943514,2023-11-13,2023-11-13
"86",1982-08-01,"EA19PRINTO01IXOBSAM",63.4134046401301,2023-11-13,2023-11-13
"87",1982-09-01,"EA19PRINTO01IXOBSAM",63.9220244444882,2023-11-13,2023-11-13
"88",1982-10-01,"EA19PRINTO01IXOBSAM",63.3067585521195,2023-11-13,2023-11-13
"89",1982-11-01,"EA19PRINTO01IXOBSAM",62.707899750214,2023-11-13,2023-11-13
"90",1982-12-01,"EA19PRINTO01IXOBSAM",62.2813153981718,2023-11-13,2023-11-13
"91",1983-01-01,"EA19PRINTO01IXOBSAM",63.1344841022563,2023-11-13,2023-11-13
"92",1983-02-01,"EA19PRINTO01IXOBSAM",63.4052010948985,2023-11-13,2023-11-13
"93",1983-03-01,"EA19PRINTO01IXOBSAM",63.9958563515724,2023-11-13,2023-11-13
"94",1983-04-01,"EA19PRINTO01IXOBSAM",63.7661570850882,2023-11-13,2023-11-13
"95",1983-05-01,"EA19PRINTO01IXOBSAM",63.8974138087934,2023-11-13,2023-11-13
"96",1983-06-01,"EA19PRINTO01IXOBSAM",64.3814229774568,2023-11-13,2023-11-13
"97",1983-07-01,"EA19PRINTO01IXOBSAM",64.0286705324988,2023-11-13,2023-11-13
"98",1983-08-01,"EA19PRINTO01IXOBSAM",64.3650158869936,2023-11-13,2023-11-13
"99",1983-09-01,"EA19PRINTO01IXOBSAM",65.0295030507518,2023-11-13,2023-11-13
"100",1983-10-01,"EA19PRINTO01IXOBSAM",64.8408215104254,2023-11-13,2023-11-13
"101",1983-11-01,"EA19PRINTO01IXOBSAM",65.4724944932572,2023-11-13,2023-11-13
"102",1983-12-01,"EA19PRINTO01IXOBSAM",66.1944064736365,2023-11-13,2023-11-13
"103",1984-01-01,"EA19PRINTO01IXOBSAM",65.7678221215942,2023-11-13,2023-11-13
"104",1984-02-01,"EA19PRINTO01IXOBSAM",65.5791405812678,2023-11-13,2023-11-13
"105",1984-03-01,"EA19PRINTO01IXOBSAM",65.4068661314046,2023-11-13,2023-11-13
"106",1984-04-01,"EA19PRINTO01IXOBSAM",65.3412377695519,2023-11-13,2023-11-13
"107",1984-05-01,"EA19PRINTO01IXOBSAM",66.3666809234997,2023-11-13,2023-11-13
"108",1984-06-01,"EA19PRINTO01IXOBSAM",63.0278380142457,2023-11-13,2023-11-13
"109",1984-07-01,"EA19PRINTO01IXOBSAM",66.6456014613735,2023-11-13,2023-11-13
"110",1984-08-01,"EA19PRINTO01IXOBSAM",68.1140360578267,2023-11-13,2023-11-13
"111",1984-09-01,"EA19PRINTO01IXOBSAM",67.8105048842581,2023-11-13,2023-11-13
"112",1984-10-01,"EA19PRINTO01IXOBSAM",67.2116460823526,2023-11-13,2023-11-13
"113",1984-11-01,"EA19PRINTO01IXOBSAM",66.949132634942,2023-11-13,2023-11-13
"114",1984-12-01,"EA19PRINTO01IXOBSAM",67.8023013390266,2023-11-13,2023-11-13
"115",1985-01-01,"EA19PRINTO01IXOBSAM",68.3675394261022,2023-11-13,2023-11-13
"116",1985-02-01,"EA19PRINTO01IXOBSAM",68.1104111959163,2023-11-13,2023-11-13
"117",1985-03-01,"EA19PRINTO01IXOBSAM",68.6437141918575,2023-11-13,2023-11-13
"118",1985-04-01,"EA19PRINTO01IXOBSAM",67.919945840223,2023-11-13,2023-11-13
"119",1985-05-01,"EA19PRINTO01IXOBSAM",68.8246562797661,2023-11-13,2023-11-13
"120",1985-06-01,"EA19PRINTO01IXOBSAM",68.2342136771169,2023-11-13,2023-11-13
"121",1985-07-01,"EA19PRINTO01IXOBSAM",68.8437028153354,2023-11-13,2023-11-13
"122",1985-08-01,"EA19PRINTO01IXOBSAM",68.9484587609667,2023-11-13,2023-11-13
"123",1985-09-01,"EA19PRINTO01IXOBSAM",68.8532260831201,2023-11-13,2023-11-13
"124",1985-10-01,"EA19PRINTO01IXOBSAM",69.4722384891232,2023-11-13,2023-11-13
"125",1985-11-01,"EA19PRINTO01IXOBSAM",70.1102974306957,2023-11-13,2023-11-13
"126",1985-12-01,"EA19PRINTO01IXOBSAM",69.5389013636159,2023-11-13,2023-11-13
"127",1986-01-01,"EA19PRINTO01IXOBSAM",69.9674484139258,2023-11-13,2023-11-13
"128",1986-02-01,"EA19PRINTO01IXOBSAM",70.1960068407577,2023-11-13,2023-11-13
"129",1986-03-01,"EA19PRINTO01IXOBSAM",69.4627152213386,2023-11-13,2023-11-13
"130",1986-04-01,"EA19PRINTO01IXOBSAM",71.1769034225781,2023-11-13,2023-11-13
"131",1986-05-01,"EA19PRINTO01IXOBSAM",69.2341567945066,2023-11-13,2023-11-13
"132",1986-06-01,"EA19PRINTO01IXOBSAM",70.3769489286664,2023-11-13,2023-11-13
"133",1986-07-01,"EA19PRINTO01IXOBSAM",70.5197979454363,2023-11-13,2023-11-13
"134",1986-08-01,"EA19PRINTO01IXOBSAM",70.0817276273417,2023-11-13,2023-11-13
"135",1986-09-01,"EA19PRINTO01IXOBSAM",70.6150306232829,2023-11-13,2023-11-13
"136",1986-10-01,"EA19PRINTO01IXOBSAM",70.500751409867,2023-11-13,2023-11-13
"137",1986-11-01,"EA19PRINTO01IXOBSAM",69.8245993971558,2023-11-13,2023-11-13
"138",1986-12-01,"EA19PRINTO01IXOBSAM",70.5769375521443,2023-11-13,2023-11-13
"139",1987-01-01,"EA19PRINTO01IXOBSAM",69.9484018783564,2023-11-13,2023-11-13
"140",1987-02-01,"EA19PRINTO01IXOBSAM",70.8816821212535,2023-11-13,2023-11-13
"141",1987-03-01,"EA19PRINTO01IXOBSAM",70.6626469622062,2023-11-13,2023-11-13
"142",1987-04-01,"EA19PRINTO01IXOBSAM",70.7769261756222,2023-11-13,2023-11-13
"143",1987-05-01,"EA19PRINTO01IXOBSAM",71.6816366151653,2023-11-13,2023-11-13
"144",1987-06-01,"EA19PRINTO01IXOBSAM",70.9292984601768,2023-11-13,2023-11-13
"145",1987-07-01,"EA19PRINTO01IXOBSAM",71.2149964937168,2023-11-13,2023-11-13
"146",1987-08-01,"EA19PRINTO01IXOBSAM",71.2530895648554,2023-11-13,2023-11-13
"147",1987-09-01,"EA19PRINTO01IXOBSAM",71.319752439348,2023-11-13,2023-11-13
"148",1987-10-01,"EA19PRINTO01IXOBSAM",71.8435321675046,2023-11-13,2023-11-13
"149",1987-11-01,"EA19PRINTO01IXOBSAM",72.1292302010445,2023-11-13,2023-11-13
"150",1987-12-01,"EA19PRINTO01IXOBSAM",71.9482881131359,2023-11-13,2023-11-13
"151",1988-01-01,"EA19PRINTO01IXOBSAM",71.8054390963659,2023-11-13,2023-11-13
"152",1988-02-01,"EA19PRINTO01IXOBSAM",72.5196841802157,2023-11-13,2023-11-13
"153",1988-03-01,"EA19PRINTO01IXOBSAM",73.4529644231128,2023-11-13,2023-11-13
"154",1988-04-01,"EA19PRINTO01IXOBSAM",72.3482653600918,2023-11-13,2023-11-13
"155",1988-05-01,"EA19PRINTO01IXOBSAM",73.4720109586821,2023-11-13,2023-11-13
"156",1988-06-01,"EA19PRINTO01IXOBSAM",73.5196272976054,2023-11-13,2023-11-13
"157",1988-07-01,"EA19PRINTO01IXOBSAM",72.9387079627409,2023-11-13,2023-11-13
"158",1988-08-01,"EA19PRINTO01IXOBSAM",75.3957110511842,2023-11-13,2023-11-13
"159",1988-09-01,"EA19PRINTO01IXOBSAM",74.6528961639804,2023-11-13,2023-11-13
"160",1988-10-01,"EA19PRINTO01IXOBSAM",74.1576862391779,2023-11-13,2023-11-13
"161",1988-11-01,"EA19PRINTO01IXOBSAM",74.8528847874584,2023-11-13,2023-11-13
"162",1988-12-01,"EA19PRINTO01IXOBSAM",75.8718744404174,2023-11-13,2023-11-13
"163",1989-01-01,"EA19PRINTO01IXOBSAM",76.0337699927567,2023-11-13,2023-11-13
"164",1989-02-01,"EA19PRINTO01IXOBSAM",75.8433046370634,2023-11-13,2023-11-13
"165",1989-03-01,"EA19PRINTO01IXOBSAM",75.8147348337094,2023-11-13,2023-11-13
"166",1989-04-01,"EA19PRINTO01IXOBSAM",77.4432136248869,2023-11-13,2023-11-13
"167",1989-05-01,"EA19PRINTO01IXOBSAM",75.1385828209983,2023-11-13,2023-11-13
"168",1989-06-01,"EA19PRINTO01IXOBSAM",77.5384463027336,2023-11-13,2023-11-13
"169",1989-07-01,"EA19PRINTO01IXOBSAM",76.8622942900224,2023-11-13,2023-11-13
"170",1989-08-01,"EA19PRINTO01IXOBSAM",79.1574018261264,2023-11-13,2023-11-13
"171",1989-09-01,"EA19PRINTO01IXOBSAM",77.5574928383029,2023-11-13,2023-11-13
"172",1989-10-01,"EA19PRINTO01IXOBSAM",78.1288889053828,2023-11-13,2023-11-13
"173",1989-11-01,"EA19PRINTO01IXOBSAM",78.0622260308901,2023-11-13,2023-11-13
"174",1989-12-01,"EA19PRINTO01IXOBSAM",78.7764711147399,2023-11-13,2023-11-13
"175",1990-01-01,"EA19PRINTO01IXOBSAM",78.8621805248019,2023-11-13,2023-11-13
"176",1990-02-01,"EA19PRINTO01IXOBSAM",79.7859374999142,2023-11-13,2023-11-13
"177",1990-03-01,"EA19PRINTO01IXOBSAM",79.5573790730823,2023-11-13,2023-11-13
"178",1990-04-01,"EA19PRINTO01IXOBSAM",79.8811701777609,2023-11-13,2023-11-13
"179",1990-05-01,"EA19PRINTO01IXOBSAM",79.8621236421916,2023-11-13,2023-11-13
"180",1990-06-01,"EA19PRINTO01IXOBSAM",79.3478671818197,2023-11-13,2023-11-13
"181",1990-07-01,"EA19PRINTO01IXOBSAM",79.652611750929,2023-11-13,2023-11-13
"182",1990-08-01,"EA19PRINTO01IXOBSAM",80.1859147468702,2023-11-13,2023-11-13
"183",1990-09-01,"EA19PRINTO01IXOBSAM",80.585891993826,2023-11-13,2023-11-13
"184",1990-10-01,"EA19PRINTO01IXOBSAM",80.7477875461654,2023-11-13,2023-11-13
"185",1990-11-01,"EA19PRINTO01IXOBSAM",79.9859261233922,2023-11-13,2023-11-13
"186",1990-12-01,"EA19PRINTO01IXOBSAM",80.8239736884426,2023-11-13,2023-11-13
"187",1991-01-01,"EA19PRINTO01IXOBSAM",82.3931339055079,2023-11-13,2023-11-13
"188",1991-02-01,"EA19PRINTO01IXOBSAM",81.4932088992584,2023-11-13,2023-11-13
"189",1991-03-01,"EA19PRINTO01IXOBSAM",80.69327556037,2023-11-13,2023-11-13
"190",1991-04-01,"EA19PRINTO01IXOBSAM",80.1933172235647,2023-11-13,2023-11-13
"191",1991-05-01,"EA19PRINTO01IXOBSAM",80.0933255562036,2023-11-13,2023-11-13
"192",1991-06-01,"EA19PRINTO01IXOBSAM",81.6931922339805,2023-11-13,2023-11-13
"193",1991-07-01,"EA19PRINTO01IXOBSAM",80.0933255562036,2023-11-13,2023-11-13
"194",1991-08-01,"EA19PRINTO01IXOBSAM",80.0933255562036,2023-11-13,2023-11-13
"195",1991-09-01,"EA19PRINTO01IXOBSAM",80.2933088909258,2023-11-13,2023-11-13
"196",1991-10-01,"EA19PRINTO01IXOBSAM",80.5932838930089,2023-11-13,2023-11-13
"197",1991-11-01,"EA19PRINTO01IXOBSAM",81.4932088992584,2023-11-13,2023-11-13
"198",1991-12-01,"EA19PRINTO01IXOBSAM",80.8932588950921,2023-11-13,2023-11-13
"199",1992-01-01,"EA19PRINTO01IXOBSAM",81.8931755687026,2023-11-13,2023-11-13
"200",1992-02-01,"EA19PRINTO01IXOBSAM",82.1931505707858,2023-11-13,2023-11-13
"201",1992-03-01,"EA19PRINTO01IXOBSAM",81.3932172318974,2023-11-13,2023-11-13
"202",1992-04-01,"EA19PRINTO01IXOBSAM",81.1932338971752,2023-11-13,2023-11-13
"203",1992-05-01,"EA19PRINTO01IXOBSAM",80.69327556037,2023-11-13,2023-11-13
"204",1992-06-01,"EA19PRINTO01IXOBSAM",79.9933338888426,2023-11-13,2023-11-13
"205",1992-07-01,"EA19PRINTO01IXOBSAM",78.893425547871,2023-11-13,2023-11-13
"206",1992-08-01,"EA19PRINTO01IXOBSAM",78.893425547871,2023-11-13,2023-11-13
"207",1992-09-01,"EA19PRINTO01IXOBSAM",78.1934838763436,2023-11-13,2023-11-13
"208",1992-10-01,"EA19PRINTO01IXOBSAM",78.2934755437047,2023-11-13,2023-11-13
"209",1992-11-01,"EA19PRINTO01IXOBSAM",77.5935338721773,2023-11-13,2023-11-13
"210",1992-12-01,"EA19PRINTO01IXOBSAM",76.1936505291226,2023-11-13,2023-11-13
"211",1993-01-01,"EA19PRINTO01IXOBSAM",76.6936088659279,2023-11-13,2023-11-13
"212",1993-02-01,"EA19PRINTO01IXOBSAM",76.0936588617615,2023-11-13,2023-11-13
"213",1993-03-01,"EA19PRINTO01IXOBSAM",75.8936755270394,2023-11-13,2023-11-13
"214",1993-04-01,"EA19PRINTO01IXOBSAM",75.3937171902342,2023-11-13,2023-11-13
"215",1993-05-01,"EA19PRINTO01IXOBSAM",75.2937255228731,2023-11-13,2023-11-13
"216",1993-06-01,"EA19PRINTO01IXOBSAM",74.8937588534289,2023-11-13,2023-11-13
"217",1993-07-01,"EA19PRINTO01IXOBSAM",74.3938005166236,2023-11-13,2023-11-13
"218",1993-08-01,"EA19PRINTO01IXOBSAM",75.4937088575952,2023-11-13,2023-11-13
"219",1993-09-01,"EA19PRINTO01IXOBSAM",75.7936838596784,2023-11-13,2023-11-13
"220",1993-10-01,"EA19PRINTO01IXOBSAM",75.8936755270394,2023-11-13,2023-11-13
"221",1993-11-01,"EA19PRINTO01IXOBSAM",75.8936755270394,2023-11-13,2023-11-13
"222",1993-12-01,"EA19PRINTO01IXOBSAM",75.9936671944005,2023-11-13,2023-11-13
"223",1994-01-01,"EA19PRINTO01IXOBSAM",76.0936588617615,2023-11-13,2023-11-13
"224",1994-02-01,"EA19PRINTO01IXOBSAM",77.1935672027331,2023-11-13,2023-11-13
"225",1994-03-01,"EA19PRINTO01IXOBSAM",77.2935588700942,2023-11-13,2023-11-13
"226",1994-04-01,"EA19PRINTO01IXOBSAM",78.6934422131489,2023-11-13,2023-11-13
"227",1994-05-01,"EA19PRINTO01IXOBSAM",78.4934588784268,2023-11-13,2023-11-13
"228",1994-06-01,"EA19PRINTO01IXOBSAM",79.0934088825931,2023-11-13,2023-11-13
"229",1994-07-01,"EA19PRINTO01IXOBSAM",79.2933922173152,2023-11-13,2023-11-13
"230",1994-08-01,"EA19PRINTO01IXOBSAM",79.4933755520374,2023-11-13,2023-11-13
"231",1994-09-01,"EA19PRINTO01IXOBSAM",79.8933422214816,2023-11-13,2023-11-13
"232",1994-10-01,"EA19PRINTO01IXOBSAM",80.793267227731,2023-11-13,2023-11-13
"233",1994-11-01,"EA19PRINTO01IXOBSAM",81.3932172318974,2023-11-13,2023-11-13
"234",1994-12-01,"EA19PRINTO01IXOBSAM",82.2931422381468,2023-11-13,2023-11-13
"235",1995-01-01,"EA19PRINTO01IXOBSAM",81.6931922339805,2023-11-13,2023-11-13
"236",1995-02-01,"EA19PRINTO01IXOBSAM",81.7931839013416,2023-11-13,2023-11-13
"237",1995-03-01,"EA19PRINTO01IXOBSAM",81.7931839013416,2023-11-13,2023-11-13
"238",1995-04-01,"EA19PRINTO01IXOBSAM",82.0931589034247,2023-11-13,2023-11-13
"239",1995-05-01,"EA19PRINTO01IXOBSAM",82.3931339055079,2023-11-13,2023-11-13
"240",1995-06-01,"EA19PRINTO01IXOBSAM",81.9931672360637,2023-11-13,2023-11-13
"241",1995-07-01,"EA19PRINTO01IXOBSAM",81.9931672360637,2023-11-13,2023-11-13
"242",1995-08-01,"EA19PRINTO01IXOBSAM",81.9931672360637,2023-11-13,2023-11-13
"243",1995-09-01,"EA19PRINTO01IXOBSAM",82.3931339055079,2023-11-13,2023-11-13
"244",1995-10-01,"EA19PRINTO01IXOBSAM",81.3932172318974,2023-11-13,2023-11-13
"245",1995-11-01,"EA19PRINTO01IXOBSAM",81.6931922339805,2023-11-13,2023-11-13
"246",1995-12-01,"EA19PRINTO01IXOBSAM",82.693108907591,2023-11-13,2023-11-13
"247",1996-01-01,"EA19PRINTO01IXOBSAM",81.7931839013416,2023-11-13,2023-11-13
"248",1996-02-01,"EA19PRINTO01IXOBSAM",81.5932005666194,2023-11-13,2023-11-13
"249",1996-03-01,"EA19PRINTO01IXOBSAM",81.5932005666194,2023-11-13,2023-11-13
"250",1996-04-01,"EA19PRINTO01IXOBSAM",80.9932505624531,2023-11-13,2023-11-13
"251",1996-05-01,"EA19PRINTO01IXOBSAM",81.8931755687026,2023-11-13,2023-11-13
"252",1996-06-01,"EA19PRINTO01IXOBSAM",81.8931755687026,2023-11-13,2023-11-13
"253",1996-07-01,"EA19PRINTO01IXOBSAM",81.0932422298142,2023-11-13,2023-11-13
"254",1996-08-01,"EA19PRINTO01IXOBSAM",82.1931505707858,2023-11-13,2023-11-13
"255",1996-09-01,"EA19PRINTO01IXOBSAM",82.1931505707858,2023-11-13,2023-11-13
"256",1996-10-01,"EA19PRINTO01IXOBSAM",81.6931922339805,2023-11-13,2023-11-13
"257",1996-11-01,"EA19PRINTO01IXOBSAM",82.4931255728689,2023-11-13,2023-11-13
"258",1996-12-01,"EA19PRINTO01IXOBSAM",82.2931422381468,2023-11-13,2023-11-13
"259",1997-01-01,"EA19PRINTO01IXOBSAM",82.59311724023,2023-11-13,2023-11-13
"260",1997-02-01,"EA19PRINTO01IXOBSAM",83.0930755770352,2023-11-13,2023-11-13
"261",1997-03-01,"EA19PRINTO01IXOBSAM",83.9930005832847,2023-11-13,2023-11-13
"262",1997-04-01,"EA19PRINTO01IXOBSAM",84.8929255895342,2023-11-13,2023-11-13
"263",1997-05-01,"EA19PRINTO01IXOBSAM",84.0929922506458,2023-11-13,2023-11-13
"264",1997-06-01,"EA19PRINTO01IXOBSAM",85.5928672610616,2023-11-13,2023-11-13
"265",1997-07-01,"EA19PRINTO01IXOBSAM",86.292808932589,2023-11-13,2023-11-13
"266",1997-08-01,"EA19PRINTO01IXOBSAM",86.39280059995,2023-11-13,2023-11-13
"267",1997-09-01,"EA19PRINTO01IXOBSAM",86.0928255978668,2023-11-13,2023-11-13
"268",1997-10-01,"EA19PRINTO01IXOBSAM",87.3927172735606,2023-11-13,2023-11-13
"269",1997-11-01,"EA19PRINTO01IXOBSAM",86.9927506041163,2023-11-13,2023-11-13
"270",1997-12-01,"EA19PRINTO01IXOBSAM",87.9926672777269,2023-11-13,2023-11-13
"271",1998-01-01,"EA19PRINTO01IXOBSAM",88.29264227981,2023-11-13,2023-11-13
"272",1998-02-01,"EA19PRINTO01IXOBSAM",88.6926089492542,2023-11-13,2023-11-13
"273",1998-03-01,"EA19PRINTO01IXOBSAM",88.6926089492542,2023-11-13,2023-11-13
"274",1998-04-01,"EA19PRINTO01IXOBSAM",88.9925839513374,2023-11-13,2023-11-13
"275",1998-05-01,"EA19PRINTO01IXOBSAM",89.2925589534206,2023-11-13,2023-11-13
"276",1998-06-01,"EA19PRINTO01IXOBSAM",88.8925922839764,2023-11-13,2023-11-13
"277",1998-07-01,"EA19PRINTO01IXOBSAM",89.7925172902258,2023-11-13,2023-11-13
"278",1998-08-01,"EA19PRINTO01IXOBSAM",88.4926256145321,2023-11-13,2023-11-13
"279",1998-09-01,"EA19PRINTO01IXOBSAM",88.8925922839764,2023-11-13,2023-11-13
"280",1998-10-01,"EA19PRINTO01IXOBSAM",89.0925756186984,2023-11-13,2023-11-13
"281",1998-11-01,"EA19PRINTO01IXOBSAM",88.5926172818932,2023-11-13,2023-11-13
"282",1998-12-01,"EA19PRINTO01IXOBSAM",87.9926672777269,2023-11-13,2023-11-13
"283",1999-01-01,"EA19PRINTO01IXOBSAM",89.3925506207816,2023-11-13,2023-11-13
"284",1999-02-01,"EA19PRINTO01IXOBSAM",88.3926339471711,2023-11-13,2023-11-13
"285",1999-03-01,"EA19PRINTO01IXOBSAM",88.4926256145321,2023-11-13,2023-11-13
"286",1999-04-01,"EA19PRINTO01IXOBSAM",89.0925756186984,2023-11-13,2023-11-13
"287",1999-05-01,"EA19PRINTO01IXOBSAM",89.0925756186984,2023-11-13,2023-11-13
"288",1999-06-01,"EA19PRINTO01IXOBSAM",89.8925089575869,2023-11-13,2023-11-13
"289",1999-07-01,"EA19PRINTO01IXOBSAM",90.5924506291142,2023-11-13,2023-11-13
"290",1999-08-01,"EA19PRINTO01IXOBSAM",90.4924589617532,2023-11-13,2023-11-13
"291",1999-09-01,"EA19PRINTO01IXOBSAM",91.2923923006416,2023-11-13,2023-11-13
"292",1999-10-01,"EA19PRINTO01IXOBSAM",92.2923089742522,2023-11-13,2023-11-13
"293",1999-11-01,"EA19PRINTO01IXOBSAM",92.5922839763353,2023-11-13,2023-11-13
"294",1999-12-01,"EA19PRINTO01IXOBSAM",92.2923089742522,2023-11-13,2023-11-13
"295",2000-01-01,"EA19PRINTO01IXOBSAM",92.09232563953,2023-11-13,2023-11-13
"296",2000-02-01,"EA19PRINTO01IXOBSAM",93.0922423131406,2023-11-13,2023-11-13
"297",2000-03-01,"EA19PRINTO01IXOBSAM",93.5922006499458,2023-11-13,2023-11-13
"298",2000-04-01,"EA19PRINTO01IXOBSAM",94.5921173235564,2023-11-13,2023-11-13
"299",2000-05-01,"EA19PRINTO01IXOBSAM",95.8920089992501,2023-11-13,2023-11-13
"300",2000-06-01,"EA19PRINTO01IXOBSAM",94.5921173235564,2023-11-13,2023-11-13
"301",2000-07-01,"EA19PRINTO01IXOBSAM",95.792017331889,2023-11-13,2023-11-13
"302",2000-08-01,"EA19PRINTO01IXOBSAM",95.792017331889,2023-11-13,2023-11-13
"303",2000-09-01,"EA19PRINTO01IXOBSAM",95.8920089992501,2023-11-13,2023-11-13
"304",2000-10-01,"EA19PRINTO01IXOBSAM",96.0919923339722,2023-11-13,2023-11-13
"305",2000-11-01,"EA19PRINTO01IXOBSAM",97.0919090075827,2023-11-13,2023-11-13
"306",2000-12-01,"EA19PRINTO01IXOBSAM",97.691859011749,2023-11-13,2023-11-13
"307",2001-01-01,"EA19PRINTO01IXOBSAM",96.8919256728606,2023-11-13,2023-11-13
"308",2001-02-01,"EA19PRINTO01IXOBSAM",97.2918923423048,2023-11-13,2023-11-13
"309",2001-03-01,"EA19PRINTO01IXOBSAM",96.6919423381385,2023-11-13,2023-11-13
"310",2001-04-01,"EA19PRINTO01IXOBSAM",95.792017331889,2023-11-13,2023-11-13
"311",2001-05-01,"EA19PRINTO01IXOBSAM",96.0919923339722,2023-11-13,2023-11-13
"312",2001-06-01,"EA19PRINTO01IXOBSAM",96.1919840013332,2023-11-13,2023-11-13
"313",2001-07-01,"EA19PRINTO01IXOBSAM",94.3921339888343,2023-11-13,2023-11-13
"314",2001-08-01,"EA19PRINTO01IXOBSAM",96.6919423381385,2023-11-13,2023-11-13
"315",2001-09-01,"EA19PRINTO01IXOBSAM",95.3920506624448,2023-11-13,2023-11-13
"316",2001-10-01,"EA19PRINTO01IXOBSAM",94.0921589867511,2023-11-13,2023-11-13
"317",2001-11-01,"EA19PRINTO01IXOBSAM",93.3922173152238,2023-11-13,2023-11-13
"318",2001-12-01,"EA19PRINTO01IXOBSAM",94.1921506541122,2023-11-13,2023-11-13
"319",2002-01-01,"EA19PRINTO01IXOBSAM",94.1921506541122,2023-11-13,2023-11-13
"320",2002-02-01,"EA19PRINTO01IXOBSAM",94.3921339888343,2023-11-13,2023-11-13
"321",2002-03-01,"EA19PRINTO01IXOBSAM",95.2920589950838,2023-11-13,2023-11-13
"322",2002-04-01,"EA19PRINTO01IXOBSAM",95.0920756603616,2023-11-13,2023-11-13
"323",2002-05-01,"EA19PRINTO01IXOBSAM",95.4920423298059,2023-11-13,2023-11-13
"324",2002-06-01,"EA19PRINTO01IXOBSAM",95.8920089992501,2023-11-13,2023-11-13
"325",2002-07-01,"EA19PRINTO01IXOBSAM",95.1920673277227,2023-11-13,2023-11-13
"326",2002-08-01,"EA19PRINTO01IXOBSAM",95.5920339971669,2023-11-13,2023-11-13
"327",2002-09-01,"EA19PRINTO01IXOBSAM",95.8920089992501,2023-11-13,2023-11-13
"328",2002-10-01,"EA19PRINTO01IXOBSAM",95.2920589950838,2023-11-13,2023-11-13
"329",2002-11-01,"EA19PRINTO01IXOBSAM",95.8920089992501,2023-11-13,2023-11-13
"330",2002-12-01,"EA19PRINTO01IXOBSAM",94.3921339888343,2023-11-13,2023-11-13
"331",2003-01-01,"EA19PRINTO01IXOBSAM",95.9920006666111,2023-11-13,2023-11-13
"332",2003-02-01,"EA19PRINTO01IXOBSAM",96.1919840013332,2023-11-13,2023-11-13
"333",2003-03-01,"EA19PRINTO01IXOBSAM",95.3920506624448,2023-11-13,2023-11-13
"334",2003-04-01,"EA19PRINTO01IXOBSAM",95.792017331889,2023-11-13,2023-11-13
"335",2003-05-01,"EA19PRINTO01IXOBSAM",94.1921506541122,2023-11-13,2023-11-13
"336",2003-06-01,"EA19PRINTO01IXOBSAM",94.1921506541122,2023-11-13,2023-11-13
"337",2003-07-01,"EA19PRINTO01IXOBSAM",95.792017331889,2023-11-13,2023-11-13
"338",2003-08-01,"EA19PRINTO01IXOBSAM",94.6921089909174,2023-11-13,2023-11-13
"339",2003-09-01,"EA19PRINTO01IXOBSAM",94.4921256561953,2023-11-13,2023-11-13
"340",2003-10-01,"EA19PRINTO01IXOBSAM",96.8919256728606,2023-11-13,2023-11-13
"341",2003-11-01,"EA19PRINTO01IXOBSAM",96.5919506707774,2023-11-13,2023-11-13
"342",2003-12-01,"EA19PRINTO01IXOBSAM",96.7919340054996,2023-11-13,2023-11-13
"343",2004-01-01,"EA19PRINTO01IXOBSAM",96.6919423381385,2023-11-13,2023-11-13
"344",2004-02-01,"EA19PRINTO01IXOBSAM",97.1919006749438,2023-11-13,2023-11-13
"345",2004-03-01,"EA19PRINTO01IXOBSAM",96.8919256728606,2023-11-13,2023-11-13
"346",2004-04-01,"EA19PRINTO01IXOBSAM",97.7918506791101,2023-11-13,2023-11-13
"347",2004-05-01,"EA19PRINTO01IXOBSAM",97.8918423464712,2023-11-13,2023-11-13
"348",2004-06-01,"EA19PRINTO01IXOBSAM",97.8918423464712,2023-11-13,2023-11-13
"349",2004-07-01,"EA19PRINTO01IXOBSAM",98.6917756853596,2023-11-13,2023-11-13
"350",2004-08-01,"EA19PRINTO01IXOBSAM",96.5919506707774,2023-11-13,2023-11-13
"351",2004-09-01,"EA19PRINTO01IXOBSAM",98.0918256811932,2023-11-13,2023-11-13
"352",2004-10-01,"EA19PRINTO01IXOBSAM",98.5917840179985,2023-11-13,2023-11-13
"353",2004-11-01,"EA19PRINTO01IXOBSAM",97.4918756770269,2023-11-13,2023-11-13
"354",2004-12-01,"EA19PRINTO01IXOBSAM",97.4918756770269,2023-11-13,2023-11-13
"355",2005-01-01,"EA19PRINTO01IXOBSAM",98.2918090159154,2023-11-13,2023-11-13
"356",2005-02-01,"EA19PRINTO01IXOBSAM",98.0918256811932,2023-11-13,2023-11-13
"357",2005-03-01,"EA19PRINTO01IXOBSAM",97.9918340138322,2023-11-13,2023-11-13
"358",2005-04-01,"EA19PRINTO01IXOBSAM",99.491709024248,2023-11-13,2023-11-13
"359",2005-05-01,"EA19PRINTO01IXOBSAM",98.0918256811932,2023-11-13,2023-11-13
"360",2005-06-01,"EA19PRINTO01IXOBSAM",98.9917506874427,2023-11-13,2023-11-13
"361",2005-07-01,"EA19PRINTO01IXOBSAM",99.591700691609,2023-11-13,2023-11-13
"362",2005-08-01,"EA19PRINTO01IXOBSAM",98.3918006832764,2023-11-13,2023-11-13
"363",2005-09-01,"EA19PRINTO01IXOBSAM",99.7916840263312,2023-11-13,2023-11-13
"364",2005-10-01,"EA19PRINTO01IXOBSAM",99.9916673610533,2023-11-13,2023-11-13
"365",2005-11-01,"EA19PRINTO01IXOBSAM",101.59153403883,2023-11-13,2023-11-13
"366",2005-12-01,"EA19PRINTO01IXOBSAM",100.491625697859,2023-11-13,2023-11-13
"367",2006-01-01,"EA19PRINTO01IXOBSAM",101.291559036747,2023-11-13,2023-11-13
"368",2006-02-01,"EA19PRINTO01IXOBSAM",101.291559036747,2023-11-13,2023-11-13
"369",2006-03-01,"EA19PRINTO01IXOBSAM",101.991500708274,2023-11-13,2023-11-13
"370",2006-04-01,"EA19PRINTO01IXOBSAM",102.291475710357,2023-11-13,2023-11-13
"371",2006-05-01,"EA19PRINTO01IXOBSAM",103.791350720773,2023-11-13,2023-11-13
"372",2006-06-01,"EA19PRINTO01IXOBSAM",103.691359053412,2023-11-13,2023-11-13
"373",2006-07-01,"EA19PRINTO01IXOBSAM",103.49137571869,2023-11-13,2023-11-13
"374",2006-08-01,"EA19PRINTO01IXOBSAM",103.791350720773,2023-11-13,2023-11-13
"375",2006-09-01,"EA19PRINTO01IXOBSAM",103.891342388134,2023-11-13,2023-11-13
"376",2006-10-01,"EA19PRINTO01IXOBSAM",103.691359053412,2023-11-13,2023-11-13
"377",2006-11-01,"EA19PRINTO01IXOBSAM",104.591284059662,2023-11-13,2023-11-13
"378",2006-12-01,"EA19PRINTO01IXOBSAM",106.191150737439,2023-11-13,2023-11-13
"379",2007-01-01,"EA19PRINTO01IXOBSAM",105.691192400633,2023-11-13,2023-11-13
"380",2007-02-01,"EA19PRINTO01IXOBSAM",106.2911424048,2023-11-13,2023-11-13
"381",2007-03-01,"EA19PRINTO01IXOBSAM",106.891092408966,2023-11-13,2023-11-13
"382",2007-04-01,"EA19PRINTO01IXOBSAM",105.491209065911,2023-11-13,2023-11-13
"383",2007-05-01,"EA19PRINTO01IXOBSAM",107.391050745771,2023-11-13,2023-11-13
"384",2007-06-01,"EA19PRINTO01IXOBSAM",107.391050745771,2023-11-13,2023-11-13
"385",2007-07-01,"EA19PRINTO01IXOBSAM",107.591034080493,2023-11-13,2023-11-13
"386",2007-08-01,"EA19PRINTO01IXOBSAM",108.390967419382,2023-11-13,2023-11-13
"387",2007-09-01,"EA19PRINTO01IXOBSAM",107.891009082576,2023-11-13,2023-11-13
"388",2007-10-01,"EA19PRINTO01IXOBSAM",108.790934088826,2023-11-13,2023-11-13
"389",2007-11-01,"EA19PRINTO01IXOBSAM",108.090992417299,2023-11-13,2023-11-13
"390",2007-12-01,"EA19PRINTO01IXOBSAM",108.590950754104,2023-11-13,2023-11-13
"391",2008-01-01,"EA19PRINTO01IXOBSAM",109.490875760353,2023-11-13,2023-11-13
"392",2008-02-01,"EA19PRINTO01IXOBSAM",109.390884092992,2023-11-13,2023-11-13
"393",2008-03-01,"EA19PRINTO01IXOBSAM",108.790934088826,2023-11-13,2023-11-13
"394",2008-04-01,"EA19PRINTO01IXOBSAM",110.09082576452,2023-11-13,2023-11-13
"395",2008-05-01,"EA19PRINTO01IXOBSAM",106.891092408966,2023-11-13,2023-11-13
"396",2008-06-01,"EA19PRINTO01IXOBSAM",107.091075743688,2023-11-13,2023-11-13
"397",2008-07-01,"EA19PRINTO01IXOBSAM",106.091159070077,2023-11-13,2023-11-13
"398",2008-08-01,"EA19PRINTO01IXOBSAM",105.691192400633,2023-11-13,2023-11-13
"399",2008-09-01,"EA19PRINTO01IXOBSAM",104.891259061745,2023-11-13,2023-11-13
"400",2008-10-01,"EA19PRINTO01IXOBSAM",102.291475710357,2023-11-13,2023-11-13
"401",2008-11-01,"EA19PRINTO01IXOBSAM",98.5917840179985,2023-11-13,2023-11-13
"402",2008-12-01,"EA19PRINTO01IXOBSAM",94.8920923256395,2023-11-13,2023-11-13
"403",2009-01-01,"EA19PRINTO01IXOBSAM",91.0924089659195,2023-11-13,2023-11-13
"404",2009-02-01,"EA19PRINTO01IXOBSAM",89.0925756186984,2023-11-13,2023-11-13
"405",2009-03-01,"EA19PRINTO01IXOBSAM",87.7926839430048,2023-11-13,2023-11-13
"406",2009-04-01,"EA19PRINTO01IXOBSAM",86.6927756020332,2023-11-13,2023-11-13
"407",2009-05-01,"EA19PRINTO01IXOBSAM",88.7926006166153,2023-11-13,2023-11-13
"408",2009-06-01,"EA19PRINTO01IXOBSAM",89.2925589534206,2023-11-13,2023-11-13
"409",2009-07-01,"EA19PRINTO01IXOBSAM",89.4925422881426,2023-11-13,2023-11-13
"410",2009-08-01,"EA19PRINTO01IXOBSAM",89.4925422881426,2023-11-13,2023-11-13
"411",2009-09-01,"EA19PRINTO01IXOBSAM",91.5923673027248,2023-11-13,2023-11-13
"412",2009-10-01,"EA19PRINTO01IXOBSAM",91.2923923006416,2023-11-13,2023-11-13
"413",2009-11-01,"EA19PRINTO01IXOBSAM",91.4923756353637,2023-11-13,2023-11-13
"414",2009-12-01,"EA19PRINTO01IXOBSAM",91.5923673027248,2023-11-13,2023-11-13
"415",2010-01-01,"EA19PRINTO01IXOBSAM",93.1922339805016,2023-11-13,2023-11-13
"416",2010-02-01,"EA19PRINTO01IXOBSAM",92.5922839763353,2023-11-13,2023-11-13
"417",2010-03-01,"EA19PRINTO01IXOBSAM",94.2921423214732,2023-11-13,2023-11-13
"418",2010-04-01,"EA19PRINTO01IXOBSAM",94.7921006582785,2023-11-13,2023-11-13
"419",2010-05-01,"EA19PRINTO01IXOBSAM",96.4919590034164,2023-11-13,2023-11-13
"420",2010-06-01,"EA19PRINTO01IXOBSAM",96.5919506707774,2023-11-13,2023-11-13
"421",2010-07-01,"EA19PRINTO01IXOBSAM",96.1919840013332,2023-11-13,2023-11-13
"422",2010-08-01,"EA19PRINTO01IXOBSAM",97.0919090075827,2023-11-13,2023-11-13
"423",2010-09-01,"EA19PRINTO01IXOBSAM",97.1919006749438,2023-11-13,2023-11-13
"424",2010-10-01,"EA19PRINTO01IXOBSAM",97.9918340138322,2023-11-13,2023-11-13
"425",2010-11-01,"EA19PRINTO01IXOBSAM",98.8917590200817,2023-11-13,2023-11-13
"426",2010-12-01,"EA19PRINTO01IXOBSAM",99.591700691609,2023-11-13,2023-11-13
"427",2011-01-01,"EA19PRINTO01IXOBSAM",99.0917423548038,2023-11-13,2023-11-13
"428",2011-02-01,"EA19PRINTO01IXOBSAM",100.091659028414,2023-11-13,2023-11-13
"429",2011-03-01,"EA19PRINTO01IXOBSAM",100.191650695775,2023-11-13,2023-11-13
"430",2011-04-01,"EA19PRINTO01IXOBSAM",99.7916840263312,2023-11-13,2023-11-13
"431",2011-05-01,"EA19PRINTO01IXOBSAM",100.391634030497,2023-11-13,2023-11-13
"432",2011-06-01,"EA19PRINTO01IXOBSAM",98.9917506874427,2023-11-13,2023-11-13
"433",2011-07-01,"EA19PRINTO01IXOBSAM",99.9916673610533,2023-11-13,2023-11-13
"434",2011-08-01,"EA19PRINTO01IXOBSAM",100.091659028414,2023-11-13,2023-11-13
"435",2011-09-01,"EA19PRINTO01IXOBSAM",99.0917423548038,2023-11-13,2023-11-13
"436",2011-10-01,"EA19PRINTO01IXOBSAM",98.7917673527206,2023-11-13,2023-11-13
"437",2011-11-01,"EA19PRINTO01IXOBSAM",99.0917423548038,2023-11-13,2023-11-13
"438",2011-12-01,"EA19PRINTO01IXOBSAM",98.4917923506374,2023-11-13,2023-11-13
"439",2012-01-01,"EA19PRINTO01IXOBSAM",97.691859011749,2023-11-13,2023-11-13
"440",2012-02-01,"EA19PRINTO01IXOBSAM",98.3918006832764,2023-11-13,2023-11-13
"441",2012-03-01,"EA19PRINTO01IXOBSAM",98.1918173485543,2023-11-13,2023-11-13
"442",2012-04-01,"EA19PRINTO01IXOBSAM",97.3918840096659,2023-11-13,2023-11-13
"443",2012-05-01,"EA19PRINTO01IXOBSAM",98.1918173485543,2023-11-13,2023-11-13
"444",2012-06-01,"EA19PRINTO01IXOBSAM",97.3918840096659,2023-11-13,2023-11-13
"445",2012-07-01,"EA19PRINTO01IXOBSAM",97.691859011749,2023-11-13,2023-11-13
"446",2012-08-01,"EA19PRINTO01IXOBSAM",98.3918006832764,2023-11-13,2023-11-13
"447",2012-09-01,"EA19PRINTO01IXOBSAM",96.4919590034164,2023-11-13,2023-11-13
"448",2012-10-01,"EA19PRINTO01IXOBSAM",95.792017331889,2023-11-13,2023-11-13
"449",2012-11-01,"EA19PRINTO01IXOBSAM",95.0920756603616,2023-11-13,2023-11-13
"450",2012-12-01,"EA19PRINTO01IXOBSAM",95.5920339971669,2023-11-13,2023-11-13
"451",2013-01-01,"EA19PRINTO01IXOBSAM",95.0920756603616,2023-11-13,2023-11-13
"452",2013-02-01,"EA19PRINTO01IXOBSAM",95.2920589950838,2023-11-13,2023-11-13
"453",2013-03-01,"EA19PRINTO01IXOBSAM",96.3919673360554,2023-11-13,2023-11-13
"454",2013-04-01,"EA19PRINTO01IXOBSAM",96.5919506707774,2023-11-13,2023-11-13
"455",2013-05-01,"EA19PRINTO01IXOBSAM",96.6919423381385,2023-11-13,2023-11-13
"456",2013-06-01,"EA19PRINTO01IXOBSAM",96.7919340054996,2023-11-13,2023-11-13
"457",2013-07-01,"EA19PRINTO01IXOBSAM",95.9920006666111,2023-11-13,2023-11-13
"458",2013-08-01,"EA19PRINTO01IXOBSAM",96.3919673360554,2023-11-13,2023-11-13
"459",2013-09-01,"EA19PRINTO01IXOBSAM",96.5919506707774,2023-11-13,2023-11-13
"460",2013-10-01,"EA19PRINTO01IXOBSAM",95.9920006666111,2023-11-13,2023-11-13
"461",2013-11-01,"EA19PRINTO01IXOBSAM",97.3918840096659,2023-11-13,2023-11-13
"462",2013-12-01,"EA19PRINTO01IXOBSAM",97.1919006749438,2023-11-13,2023-11-13
"463",2014-01-01,"EA19PRINTO01IXOBSAM",96.8919256728606,2023-11-13,2023-11-13
"464",2014-02-01,"EA19PRINTO01IXOBSAM",97.4918756770269,2023-11-13,2023-11-13
"465",2014-03-01,"EA19PRINTO01IXOBSAM",96.9919173402216,2023-11-13,2023-11-13
"466",2014-04-01,"EA19PRINTO01IXOBSAM",98.4917923506374,2023-11-13,2023-11-13
"467",2014-05-01,"EA19PRINTO01IXOBSAM",97.7918506791101,2023-11-13,2023-11-13
"468",2014-06-01,"EA19PRINTO01IXOBSAM",97.2918923423048,2023-11-13,2023-11-13
"469",2014-07-01,"EA19PRINTO01IXOBSAM",98.0918256811932,2023-11-13,2023-11-13
"470",2014-08-01,"EA19PRINTO01IXOBSAM",96.2919756686943,2023-11-13,2023-11-13
"471",2014-09-01,"EA19PRINTO01IXOBSAM",97.3918840096659,2023-11-13,2023-11-13
"472",2014-10-01,"EA19PRINTO01IXOBSAM",97.0919090075827,2023-11-13,2023-11-13
"473",2014-11-01,"EA19PRINTO01IXOBSAM",96.7919340054996,2023-11-13,2023-11-13
"474",2014-12-01,"EA19PRINTO01IXOBSAM",98.0918256811932,2023-11-13,2023-11-13
"475",2015-01-01,"EA19PRINTO01IXOBSAM",97.591867344388,2023-11-13,2023-11-13
"476",2015-02-01,"EA19PRINTO01IXOBSAM",100.291642363136,2023-11-13,2023-11-13
"477",2015-03-01,"EA19PRINTO01IXOBSAM",100.391634030497,2023-11-13,2023-11-13
"478",2015-04-01,"EA19PRINTO01IXOBSAM",99.3917173568869,2023-11-13,2023-11-13
"479",2015-05-01,"EA19PRINTO01IXOBSAM",100.191650695775,2023-11-13,2023-11-13
"480",2015-06-01,"EA19PRINTO01IXOBSAM",100.391634030497,2023-11-13,2023-11-13
"481",2015-07-01,"EA19PRINTO01IXOBSAM",100.991584034664,2023-11-13,2023-11-13
"482",2015-08-01,"EA19PRINTO01IXOBSAM",99.6916923589701,2023-11-13,2023-11-13
"483",2015-09-01,"EA19PRINTO01IXOBSAM",100.291642363136,2023-11-13,2023-11-13
"484",2015-10-01,"EA19PRINTO01IXOBSAM",100.791600699942,2023-11-13,2023-11-13
"485",2015-11-01,"EA19PRINTO01IXOBSAM",99.8916756936922,2023-11-13,2023-11-13
"486",2015-12-01,"EA19PRINTO01IXOBSAM",100.091659028414,2023-11-13,2023-11-13
"487",2016-01-01,"EA19PRINTO01IXOBSAM",102.691442379802,2023-11-13,2023-11-13
"488",2016-02-01,"EA19PRINTO01IXOBSAM",101.091575702025,2023-11-13,2023-11-13
"489",2016-03-01,"EA19PRINTO01IXOBSAM",100.59161736522,2023-11-13,2023-11-13
"490",2016-04-01,"EA19PRINTO01IXOBSAM",101.691525706191,2023-11-13,2023-11-13
"491",2016-05-01,"EA19PRINTO01IXOBSAM",100.191650695775,2023-11-13,2023-11-13
"492",2016-06-01,"EA19PRINTO01IXOBSAM",101.191567369386,2023-11-13,2023-11-13
"493",2016-07-01,"EA19PRINTO01IXOBSAM",101.191567369386,2023-11-13,2023-11-13
"494",2016-08-01,"EA19PRINTO01IXOBSAM",101.091575702025,2023-11-13,2023-11-13
"495",2016-09-01,"EA19PRINTO01IXOBSAM",101.391550704108,2023-11-13,2023-11-13
"496",2016-10-01,"EA19PRINTO01IXOBSAM",102.991417381885,2023-11-13,2023-11-13
"497",2016-11-01,"EA19PRINTO01IXOBSAM",102.691442379802,2023-11-13,2023-11-13
"498",2016-12-01,"EA19PRINTO01IXOBSAM",102.391467377719,2023-11-13,2023-11-13
"499",2017-01-01,"EA19PRINTO01IXOBSAM",101.891509040913,2023-11-13,2023-11-13
"500",2017-02-01,"EA19PRINTO01IXOBSAM",102.691442379802,2023-11-13,2023-11-13
"501",2017-03-01,"EA19PRINTO01IXOBSAM",102.291475710357,2023-11-13,2023-11-13
"502",2017-04-01,"EA19PRINTO01IXOBSAM",103.191400716607,2023-11-13,2023-11-13
"503",2017-05-01,"EA19PRINTO01IXOBSAM",103.591367386051,2023-11-13,2023-11-13
"504",2017-06-01,"EA19PRINTO01IXOBSAM",103.191400716607,2023-11-13,2023-11-13
"505",2017-07-01,"EA19PRINTO01IXOBSAM",104.791267394384,2023-11-13,2023-11-13
"506",2017-08-01,"EA19PRINTO01IXOBSAM",105.491209065911,2023-11-13,2023-11-13
"507",2017-09-01,"EA19PRINTO01IXOBSAM",104.891259061745,2023-11-13,2023-11-13
"508",2017-10-01,"EA19PRINTO01IXOBSAM",105.891175735355,2023-11-13,2023-11-13
"509",2017-11-01,"EA19PRINTO01IXOBSAM",107.791017415215,2023-11-13,2023-11-13
"510",2017-12-01,"EA19PRINTO01IXOBSAM",107.991000749938,2023-11-13,2023-11-13
"511",2018-01-01,"EA19PRINTO01IXOBSAM",105.791184067994,2023-11-13,2023-11-13
"512",2018-02-01,"EA19PRINTO01IXOBSAM",104.891259061745,2023-11-13,2023-11-13
"513",2018-03-01,"EA19PRINTO01IXOBSAM",105.091242396467,2023-11-13,2023-11-13
"514",2018-04-01,"EA19PRINTO01IXOBSAM",104.891259061745,2023-11-13,2023-11-13
"515",2018-05-01,"EA19PRINTO01IXOBSAM",106.2911424048,2023-11-13,2023-11-13
"516",2018-06-01,"EA19PRINTO01IXOBSAM",105.991167402716,2023-11-13,2023-11-13
"517",2018-07-01,"EA19PRINTO01IXOBSAM",104.791267394384,2023-11-13,2023-11-13
"518",2018-08-01,"EA19PRINTO01IXOBSAM",106.191150737439,2023-11-13,2023-11-13
"519",2018-09-01,"EA19PRINTO01IXOBSAM",105.291225731189,2023-11-13,2023-11-13
"520",2018-10-01,"EA19PRINTO01IXOBSAM",106.191150737439,2023-11-13,2023-11-13
"521",2018-11-01,"EA19PRINTO01IXOBSAM",104.191317390217,2023-11-13,2023-11-13
"522",2018-12-01,"EA19PRINTO01IXOBSAM",104.691275727023,2023-11-13,2023-11-13
"523",2019-01-01,"EA19PRINTO01IXOBSAM",105.591200733272,2023-11-13,2023-11-13
"524",2019-02-01,"EA19PRINTO01IXOBSAM",105.291225731189,2023-11-13,2023-11-13
"525",2019-03-01,"EA19PRINTO01IXOBSAM",105.491209065911,2023-11-13,2023-11-13
"526",2019-04-01,"EA19PRINTO01IXOBSAM",104.991250729106,2023-11-13,2023-11-13
"527",2019-05-01,"EA19PRINTO01IXOBSAM",105.39121739855,2023-11-13,2023-11-13
"528",2019-06-01,"EA19PRINTO01IXOBSAM",104.39130072494,2023-11-13,2023-11-13
"529",2019-07-01,"EA19PRINTO01IXOBSAM",104.39130072494,2023-11-13,2023-11-13
"530",2019-08-01,"EA19PRINTO01IXOBSAM",104.491292392301,2023-11-13,2023-11-13
"531",2019-09-01,"EA19PRINTO01IXOBSAM",104.39130072494,2023-11-13,2023-11-13
"532",2019-10-01,"EA19PRINTO01IXOBSAM",104.991250729106,2023-11-13,2023-11-13
"533",2019-11-01,"EA19PRINTO01IXOBSAM",103.591367386051,2023-11-13,2023-11-13
"534",2019-12-01,"EA19PRINTO01IXOBSAM",101.791517373552,2023-11-13,2023-11-13
"535",2020-01-01,"EA19PRINTO01IXOBSAM",104.191317390217,2023-11-13,2023-11-13
"536",2020-02-01,"EA19PRINTO01IXOBSAM",103.791350720773,2023-11-13,2023-11-13
"537",2020-03-01,"EA19PRINTO01IXOBSAM",92.6922756436964,2023-11-13,2023-11-13
"538",2020-04-01,"EA19PRINTO01IXOBSAM",74.9937505207899,2023-11-13,2023-11-13
"539",2020-05-01,"EA19PRINTO01IXOBSAM",85.4928755937005,2023-11-13,2023-11-13
"540",2020-06-01,"EA19PRINTO01IXOBSAM",93.6921923173069,2023-11-13,2023-11-13
"541",2020-07-01,"EA19PRINTO01IXOBSAM",98.8917590200817,2023-11-13,2023-11-13
"542",2020-08-01,"EA19PRINTO01IXOBSAM",98.4917923506374,2023-11-13,2023-11-13
"543",2020-09-01,"EA19PRINTO01IXOBSAM",98.5917840179985,2023-11-13,2023-11-13
"544",2020-10-01,"EA19PRINTO01IXOBSAM",101.491542371469,2023-11-13,2023-11-13
"545",2020-11-01,"EA19PRINTO01IXOBSAM",104.491292392301,2023-11-13,2023-11-13
"546",2020-12-01,"EA19PRINTO01IXOBSAM",104.691275727023,2023-11-13,2023-11-13
"547",2021-01-01,"EA19PRINTO01IXOBSAM",105.691192400633,2023-11-13,2023-11-13
"548",2021-02-01,"EA19PRINTO01IXOBSAM",104.191317390217,2023-11-13,2023-11-13
"549",2021-03-01,"EA19PRINTO01IXOBSAM",105.39121739855,2023-11-13,2023-11-13
"550",2021-04-01,"EA19PRINTO01IXOBSAM",106.091159070077,2023-11-13,2023-11-13
"551",2021-05-01,"EA19PRINTO01IXOBSAM",104.591284059662,2023-11-13,2023-11-13
"552",2021-06-01,"EA19PRINTO01IXOBSAM",103.791350720773,2023-11-13,2023-11-13
"553",2021-07-01,"EA19PRINTO01IXOBSAM",107.791017415215,2023-11-13,2023-11-13
"554",2021-08-01,"EA19PRINTO01IXOBSAM",103.591367386051,2023-11-13,2023-11-13
"555",2021-09-01,"EA19PRINTO01IXOBSAM",104.091325722856,2023-11-13,2023-11-13
"556",2021-10-01,"EA19PRINTO01IXOBSAM",103.791350720773,2023-11-13,2023-11-13
"557",2021-11-01,"EA19PRINTO01IXOBSAM",105.291225731189,2023-11-13,2023-11-13
"558",2021-12-01,"EA19PRINTO01IXOBSAM",109.490875760353,2023-11-13,2023-11-13
"559",2022-01-01,"EA19PRINTO01IXOBSAM",106.891092408966,2023-11-13,2023-11-13
"560",2022-02-01,"EA19PRINTO01IXOBSAM",107.29105907841,2023-11-13,2023-11-13
"561",2022-03-01,"EA19PRINTO01IXOBSAM",106.891092408966,2023-11-13,2023-11-13
"562",2022-04-01,"EA19PRINTO01IXOBSAM",105.39121739855,2023-11-13,2023-11-13
"563",2022-05-01,"EA19PRINTO01IXOBSAM",108.390967419382,2023-11-13,2023-11-13
"564",2022-06-01,"EA19PRINTO01IXOBSAM",108.090992417299,2023-11-13,2023-11-13
"565",2022-07-01,"EA19PRINTO01IXOBSAM",107.391050745771,2023-11-13,2023-11-13
"566",2022-08-01,"EA19PRINTO01IXOBSAM",108.990917423548,2023-11-13,2023-11-13
"567",2022-09-01,"EA19PRINTO01IXOBSAM",109.19090075827,2023-11-13,2023-11-13
"568",2022-10-01,"EA19PRINTO01IXOBSAM",107.091075743688,2023-11-13,2023-11-13
"569",2022-11-01,"EA19PRINTO01IXOBSAM",108.290975752021,2023-11-13,2023-11-13
"570",2022-12-01,"EA19PRINTO01IXOBSAM",106.991084076327,2023-11-13,2023-11-13
"571",2023-01-01,"EA19PRINTO01IXOBSAM",107.491042413132,2023-11-13,2023-11-13
"572",2023-02-01,"EA19PRINTO01IXOBSAM",109.390884092992,2023-11-13,2023-11-13
"573",2023-03-01,"EA19PRINTO01IXOBSAM",104.491292392301,2023-11-13,2023-11-13
"574",2023-04-01,"EA19PRINTO01IXOBSAM",105.891175735355,2023-11-13,2023-11-13
"575",2023-05-01,"EA19PRINTO01IXOBSAM",105.991167402716,2023-11-13,2023-11-13
"576",2023-06-01,"EA19PRINTO01IXOBSAM",106.391134072161,2023-11-13,2023-11-13
"577",2023-07-01,"EA19PRINTO01IXOBSAM",105.191234063828,2023-11-13,2023-11-13
